,loc_x,loc_y,delivery_amnt,pickup_amnt,cust_count,vehicle_cap,vehicle_count
0,7.946133349075124,76.59386116422024,0.0,1.0,5.0,6.0,3.0
1,199.8113192315087,45.896998158965886,0.0,1.0,,9.0,
2,122.77173208992522,97.95168228495339,0.0,2.0,,7.0,
3,24.72141846754956,99.05164508361656,0.0,2.0,,,
4,125.4475184764807,3.213662464019462,0.0,1.0,,,
5,167.45588185336285,13.7498278903328,,,,,
