,loc_x,loc_y,delivery_amnt,pickup_amnt,cust_count,vehicle_cap,vehicle_count
0,192.63529091113975,93.47050761318371,0.0,2.0,5.0,5.0,3.0
1,140.36932648876598,33.289988746621745,0.0,2.0,,7.0,
2,170.7333844035122,35.201781613188565,0.0,4.0,,7.0,
3,82.35807969166511,19.754140574933388,0.0,4.0,,,
4,114.74857948181682,90.67288744137807,0.0,3.0,,,
5,59.003271097486135,0.1580317005085763,,,,,
