,loc_x,loc_y,delivery_amnt,pickup_amnt,cust_count,vehicle_cap,vehicle_count
0,88.51267629421473,60.06523051651548,0.0,4.0,5.0,8.0,3.0
1,134.66600623220316,71.63820520604467,0.0,1.0,,9.0,
2,148.53795297050044,51.230679893945045,0.0,2.0,,9.0,
3,126.48250079154425,74.92592476347293,0.0,1.0,,,
4,180.11722488179896,82.47889528180355,0.0,3.0,,,
5,94.97553922257376,78.1947321081516,,,,,
