,loc_x,loc_y,delivery_amnt,pickup_amnt,cust_count,vehicle_cap,vehicle_count
0,62.95196789052528,76.35435118341356,0.0,1.0,5.0,9.0,3.0
1,141.05825946472788,82.09951542713408,0.0,2.0,,6.0,
2,15.643666764450415,79.78297651622644,0.0,2.0,,8.0,
3,113.01846410304329,49.708517769905406,0.0,3.0,,,
4,64.44574476398319,85.22683349391545,0.0,3.0,,,
5,17.537150733515382,35.423617819193545,,,,,
