,loc_x,loc_y,delivery_amnt,pickup_amnt,cust_count,vehicle_cap,vehicle_count
0,99.22971694019402,6.893033829698925,0.0,2.0,8.0,8.0,4.0
1,172.78108747798555,55.69569002078022,0.0,4.0,,5.0,
2,186.38804858046134,19.619535128487787,0.0,1.0,,9.0,
3,175.87931586096337,19.00098879848192,0.0,1.0,,9.0,
4,156.41212959771536,25.173139386847666,0.0,4.0,,,
5,67.60845484169171,97.44056582284529,0.0,1.0,,,
6,160.16423696894373,83.44508484746028,0.0,3.0,,,
7,24.059214340746603,60.119266221799336,0.0,3.0,,,
8,64.79712005195314,61.83547465268012,,,,,
