,loc_x,loc_y,delivery_amnt,pickup_amnt,cust_count,vehicle_cap,vehicle_count
0,159.1068161553829,49.66636342893228,0.0,1.0,8.0,9.0,4.0
1,139.20933231607708,12.963633938580156,0.0,3.0,,6.0,
2,148.96383544124527,66.4466286434653,0.0,2.0,,5.0,
3,158.641668279798,16.351824233562596,0.0,4.0,,7.0,
4,199.50017227295513,95.32631924472781,0.0,4.0,,,
5,176.61705836842472,85.08483574477039,0.0,4.0,,,
6,133.11938496099134,34.0871054021885,0.0,1.0,,,
7,184.446760061774,5.366375152455493,0.0,1.0,,,
8,160.12361326712582,61.404486201867336,,,,,
