,loc_x,loc_y,delivery_amnt,pickup_amnt,cust_count,vehicle_cap,vehicle_count
0,66.42840598912383,84.23533776560873,0.0,4.0,8.0,9.0,4.0
1,183.08192371282485,28.53150568941054,0.0,1.0,,9.0,
2,31.381317123060736,90.10883282589315,0.0,2.0,,9.0,
3,5.118361653903114,27.431271364878064,0.0,2.0,,7.0,
4,25.221605245411926,70.04074736893895,0.0,2.0,,,
5,128.31038752760134,46.16633536910807,0.0,4.0,,,
6,47.5112883656631,89.44225577700603,0.0,2.0,,,
7,153.24799737939293,95.68808537039118,0.0,4.0,,,
8,68.74087292955065,79.16536313270105,,,,,
